<?xml version='1.0' encoding='UTF-8'?>
<!DOCTYPE hibernate-configuration PUBLIC
          "-//Hibernate/Hibernate Configuration DTD 3.0//EN"
          "http://hibernate.sourceforge.net/hibernate-configuration-3.0.dtd">

<!-- Generated by MyEclipse Hibernate Tools.                   -->
<hibernate-configuration>

	<session-factory>
		<property name="dialect">
			org.hibernate.dialect.MySQLDialect
		</property>
		<property name="connection.url">
			jdbc:mysql://localhost:3306/dialectwiki?useUnicode=true&amp;characterEncoding=UTF-8
		</property>
		<property name="connection.username">dw_user</property>
		<property name="connection.password">hitchimpdw1234</property>
		<property name="connection.driver_class">
			com.mysql.jdbc.Driver
		</property>
		<property name="myeclipse.connection.profile">
			MySqlConnector
		</property>
		<property name="connection.autocommit">true</property>
		<property name="show_sql">false</property>

		<mapping resource="org/dw/model/User.hbm.xml" />
		<mapping resource="org/dw/model/Word.hbm.xml" />
		<mapping resource="org/dw/model/City.hbm.xml" />
		<mapping resource="org/dw/model/Vote.hbm.xml" />
		<mapping resource="org/dw/model/Pronunciation.hbm.xml" />
		<mapping resource="org/dw/model/Province.hbm.xml" />
		<mapping resource="org/dw/model/Authority.hbm.xml" />

	</session-factory>

</hibernate-configuration>