<?xml version="1.0" encoding="UTF-8" ?>
<!DOCTYPE struts PUBLIC "-//Apache Software Foundation//DTD Struts Configuration 2.1//EN" "http://struts.apache.org/dtds/struts-2.1.dtd">
<struts>
  <constant name="struts.i18n.encoding" value="utf-8"/>
  
  <include file="struts-default.xml"></include>
  
  <package name="dw-default" extends="struts-default">
  
    <interceptors>
      <interceptor name="headerDataInterceptor" class="headerDataInterceptor" />
      <interceptor-stack name="dwDefaultStack">
        <interceptor-ref name="headerDataInterceptor" />
        <interceptor-ref name="defaultStack" />
      </interceptor-stack>
    </interceptors>
    
    <default-interceptor-ref name="dwDefaultStack" />
    
  </package>
  
  
  <!-- / -->
  <package name="dw-root" namespace="/" extends="dw-default">
    <action name="" class="websiteIndexAction">
      <result name="success">/WEB-INF/jsp/index.jsp</result>
    </action>
    
    <action name="error">
      <result name="success">/WEB-INF/jsp/fileNotFound.jsp</result>
    </action>

    <action name="play" class="playAction">
      <result name="success">/WEB-INF/jsp/pronunciation/play.jsp</result>
    </action>
  
    <action name="pronounce" class="pronouncePageAction">
      <result name="success">/WEB-INF/jsp/pronounce.jsp</result>
      <result name="nameNotExist" type="redirect">
        <param name="location">/addword</param>
        <param name="wordname">%{name}</param>
      </result>
      <result name="error" type="redirect">/error</result>
    </action>
    
    <action name="signup">
      <result name="success">/WEB-INF/jsp/signup.jsp</result>
    </action>
    
    <action name="signupEx" class="org.dw.action.SignupExAction">
      <result name="success" type="redirect">/login?signupSuccess</result>
      <result name="error">/WEB-INF/jsp/signup.jsp</result>
      <result name="input">/WEB-INF/jsp/signup.jsp</result>
    </action>
    
    <action name="login">
     <result name="success">/WEB-INF/jsp/login.jsp</result>
    </action>
    
    <action name="users" class="userIndexAction">
      <result name="success">/WEB-INF/jsp/user/index.jsp</result>
      <result name="error" type="redirect">error</result>
    </action>
    
    <action name="user" class="userAction">
      <result name="success">/WEB-INF/jsp/user/user.jsp</result>
      <result name="error" type="redirect">error</result>
    </action>
    
    <!-- 上传发音的action 实现-->
    <action name="upload_pronounce" class="pronounceUploadAction">
      <result name="success">/WEB-INF/jsp/upload_success.jsp</result>
      <result name="error">/WEB-INF/jsp/upload_error.jsp</result>
      <result name="failed" type="redirect">/error</result>
    </action>
    
    <action name="addword">
      <result name="success">/WEB-INF/jsp/word/add.jsp</result>
    </action>
    
    <action name="addwordEx" class="addWordExAction">
      <result name="success">/WEB-INF/jsp/word/add_success.jsp</result>
      <result name="error">/WEB-INF/jsp/word/add_failure.jsp</result>
      <result name="wordnameRequired" type="redirect">/addword</result>
      <result name="input">/WEB-INF/jsp/word/add_failure.jsp?tooLong</result>
    </action>
    
    <action name="words" class="wordIndexAction">
      <result name="success">/WEB-INF/jsp/word/index.jsp</result>
    </action>
    
    <action name="word" class="wordAction">
      <result name="success">/WEB-INF/jsp/word/word.jsp</result>
      <result name="words" type="redirect">/words</result>
      <result name="idNotExist" type="redirect">/error</result>
      <result name="wordNotExist" type="redirect">
        <param name="location">/addword?fromWord</param>
        <param name="wordname">%{name}</param>
      </result>
      <result name="pronounce">/WEB-INF/jsp/word/word_no_pron.jsp</result>
      <result name="invalidId">/error</result>
    </action>
    
    <action name="vcode" class="verificationCodeAction">
      <result name="success" type="stream"></result>
    </action>
    
    <action name="forbiddenUser" class="forbiddenUserAction" >
      <result name="success" type="redirect">/users</result>
      <result name="idNotExist" type="redirect">/error</result>
      <result name="userNotExist" type="redirect">/error</result>
      <result name="users" type="redirect">/users</result>
      <result name="invalidId">/error</result>
    </action>
    
    <action name="permitUser" class="permitUserAction">
      <result name="success" type="redirect">/users</result>
      <result name="idNotExist" type="redirect">/error</result>
      <result name="userNotExist" type="redirect">/error</result>
      <result name="users" type="redirect">/users</result>
      <result name="invalidId">/error</result>
    </action>
   
   <action name="enableWord" class="enableWordAction">
    <result name="success" type="redirect">/words</result>
      <result name="wordNotExist" type="redirect">/error</result>
      <result name="words" type="redirect">/words</result>
    </action>
    
    <action name="disableWord" class="disableWordAction">
        <result name="success" type="redirect">/words</result>
      <result name="wordNotExist" type="redirect">/error</result>
      <result name="words" type="redirect">/words</result>
    </action>
    
    <action name="vote" class="addVoteAction">
      <result name="success" type="redirect">
        <param name="location">/word</param>
        <param name="id">%{wordId}</param>
      </result>
      <result name="error" type="redirect">/error</result>
      <result name="failure" type="redirect">/vote-failed</result>
    </action>
    
    <action name="vote-failed">
      <result name="success">/WEB-INF/jsp/vote/vote-failed.jsp</result>
    </action>
    
    <action name="dialect" class="dialectIndexAction">
      <result name="success">/WEB-INF/jsp/dialect/index.jsp</result>
    </action>
    
    <action name="recover">
      <result name="success">/WEB-INF/jsp/recoverPassword1.jsp</result>
    </action>
    
    <action name="recover2" class="recoverStep2">
      <result name="success">/WEB-INF/jsp/recoverPassword2.jsp</result>
      <result name="input">/WEB-INF/jsp/recoverPassword1.jsp</result>
      <result name="error" type="redirect">/recover?userNotExist</result>
    </action>
    
    <action name="recover3" class="recoverStep3">
      <result name="success">/WEB-INF/jsp/recoverPassword3.jsp</result>
      <result name="input">/WEB-INF/jsp/recoverPassword1.jsp</result>
      <result name="error" type="redirect">/error</result>
      
    </action>
    
    <action name="recover4" class="recoverStep4">
      <result name="success">/WEB-INF/jsp/recoverSuccess.jsp</result>
      <result name="error" type="redirect">/error</result>
      <result name="input">//WEB-INF/jsp/recoverPassword3.jsp</result>
    </action>
    
    <action name="deletePron" class="deletePronAction">
      <result name="success" type="redirect">
        <param name="location">/word</param>
        <param name="id">%{wordId}</param>
      </result>
      <result name="pronNotExist" type="redirect">/error</result>
      <result name="words" type="redirect">/words</result>
      <result name="invalidid" type="redirect">/error</result>
    </action>
  
	  <action name="deleteWordPron" class="deleteWordPronsAction">
	    <result name="success" type="redirect">/words</result>
	    <result name="idNotExist" type="redirect">/error</result>
	    <result name="wordNotExist" type="redirect">/error</result>
	    <result name="words" type="redirect">/words</result>
	  </action>
	  
	  <action name="forbidden">
	    <result name="success">/WEB-INF/jsp/forbidden.jsp</result>
	  </action>
	  
	  <action name="moreRecentWords" class="moreRecentWords">
	    <result name="success">/WEB-INF/jsp/MoreRecentWords.jsp</result>
	    <result name="error" type="redirect">/error</result>
	  </action>
	  
	  <action name="moreHotWords" class="moreHotWords">
	    <result name="success">/WEB-INF/jsp/MoreHotWords.jsp</result>
	    <result name="error" type="redirect">/error</result>
	  </action>
	  
	  <action name="moreRecentProns" class="moreRecentProns">
	    <result name="success">/WEB-INF/jsp/MoreRecentProns.jsp</result>
	    <result name="error" type="redirect">/error</result>
	  </action>
	  
	  <action name="moreWaitProns" class="moreWaitProns">
	    <result name="success">/WEB-INF/jsp/MoreWaitProns.jsp</result>
	    <result name="error" type="redirect">/error</result>
	  </action>
  </package>

</struts>
