<?xml version="1.0" encoding="utf-8"?>
<!DOCTYPE hibernate-mapping PUBLIC "-//Hibernate/Hibernate Mapping DTD 3.0//EN"
"http://hibernate.sourceforge.net/hibernate-mapping-3.0.dtd">
<!-- 
    Mapping file autogenerated by MyEclipse Persistence Tools
-->
<hibernate-mapping>
    <class name="org.dw.model.Authority" table="authorities" catalog="dialectwiki">
        <id name="username" type="java.lang.String">
            <column name="username" />
        </id>
        <property name="authority" type="java.lang.String">
            <column name="authority" length="45" not-null="true" />
        </property>
    </class>
</hibernate-mapping>
