<?xml version="1.0" encoding="utf-8"?>
<!DOCTYPE hibernate-mapping PUBLIC "-//Hibernate/Hibernate Mapping DTD 3.0//EN"
"http://hibernate.sourceforge.net/hibernate-mapping-3.0.dtd">
<!-- 
    Mapping file autogenerated by MyEclipse Persistence Tools
-->
<hibernate-mapping>
    <class name="org.dw.model.Pronunciation" table="dw_pronunciation" catalog="dialectwiki">
        <id name="pronId" type="java.lang.Integer">
            <column name="pron_id" />
            <generator class="native"></generator>
        </id>
        <many-to-one name="word" class="org.dw.model.Word" fetch="select" lazy="false">
            <column name="word_id" not-null="true" />
        </many-to-one>
        <many-to-one name="user" class="org.dw.model.User" fetch="select" lazy="false">
            <column name="user_id" not-null="true" />
        </many-to-one>
        <many-to-one name="city" class="org.dw.model.City" fetch="select" lazy="false">
            <column name="city_id" not-null="true" />
        </many-to-one>
        <property name="prUrl" type="java.lang.String">
            <column name="pr_url" length="45" />
        </property>
        <property name="uploadDate" type="java.util.Date">
            <column name="upload_date" length="10" />
        </property>
        <property name="goodVoteNum" type="java.lang.Integer">
            <column name="good_vote_num" not-null="true" />
        </property>
        <property name="badVoteNum" type="java.lang.Integer">
            <column name="bad_vote_num" not-null="true" />
        </property>
        <set name="votes" inverse="true" cascade="delete">
            <key>
                <column name="pron_id" not-null="true" />
            </key>
            <one-to-many class="org.dw.model.Vote" />
        </set>
    </class>
</hibernate-mapping>
