<?xml version="1.0" encoding="utf-8"?>
<!DOCTYPE hibernate-mapping PUBLIC "-//Hibernate/Hibernate Mapping DTD 3.0//EN"
"http://hibernate.sourceforge.net/hibernate-mapping-3.0.dtd">
<!-- 
    Mapping file autogenerated by MyEclipse Persistence Tools
-->
<hibernate-mapping>
    <class name="org.dw.model.Province" table="dw_province" catalog="dialectwiki">
        <id name="provinceId" type="java.lang.Integer">
            <column name="province_id" />
            <generator class="native"></generator>
        </id>
        <property name="provinceName" type="java.lang.String">
            <column name="province_name" length="45" />
        </property>
        <set name="cities" inverse="true" lazy="false">
            <key>
                <column name="province_id" not-null="true" />
            </key>
            <one-to-many class="org.dw.model.City" />
        </set>
    </class>
</hibernate-mapping>
