<?xml version="1.0" encoding="utf-8"?>
<!DOCTYPE hibernate-mapping PUBLIC "-//Hibernate/Hibernate Mapping DTD 3.0//EN"
"http://hibernate.sourceforge.net/hibernate-mapping-3.0.dtd">
<!-- 
    Mapping file autogenerated by MyEclipse Persistence Tools
-->
<hibernate-mapping>
    <class name="org.dw.model.Vote" table="dw_vote" catalog="dialectwiki">
        <composite-id name="id" class="org.dw.model.VoteId" >
            <key-many-to-one name="user" class="org.dw.model.User">
                <column name="user_id" />
            </key-many-to-one>
            <key-many-to-one name="pronunciation" class="org.dw.model.Pronunciation" >
                <column name="pron_id" />
            </key-many-to-one>
        </composite-id>
        <property name="mark" type="java.lang.Integer">
            <column name="mark" />
        </property>
    </class>
</hibernate-mapping>
