<?xml version="1.0" encoding="utf-8"?>
<!DOCTYPE hibernate-mapping PUBLIC "-//Hibernate/Hibernate Mapping DTD 3.0//EN"
"http://hibernate.sourceforge.net/hibernate-mapping-3.0.dtd">
<!-- 
    Mapping file autogenerated by MyEclipse Persistence Tools
-->
<hibernate-mapping>
    <class name="org.dw.model.Word" table="dw_word" catalog="dialectwiki">
        <id name="wordId" type="java.lang.Integer">
            <column name="word_id" />
            <generator class="native"></generator>
        </id>
        <property name="wordName" type="java.lang.String">
            <column name="word_name" length="45" not-null="true" unique="true" />
        </property>
        <property name="enabled" type="java.lang.Boolean">
            <column name="enabled" not-null="true" />
        </property>
        <set name="pronunciations" inverse="true"  lazy="false" >
            <key>
                <column name="word_id" not-null="true" />
            </key>
            <one-to-many class="org.dw.model.Pronunciation"/>
        </set>
    </class>
</hibernate-mapping>
