<?xml version="1.0" encoding="utf-8"?>
<!DOCTYPE hibernate-mapping PUBLIC "-//Hibernate/Hibernate Mapping DTD 3.0//EN"
"http://hibernate.sourceforge.net/hibernate-mapping-3.0.dtd">
<!-- 
    Mapping file autogenerated by MyEclipse Persistence Tools
-->
<hibernate-mapping>
    <class name="org.dw.model.City" table="dw_city" catalog="dialectwiki">
        <id name="cityId" type="java.lang.Integer">
            <column name="city_id" />
            <generator class="native"></generator>
        </id>
        <many-to-one name="province" class="org.dw.model.Province" fetch="select" lazy="false">
            <column name="province_id" not-null="true" />
        </many-to-one>
        <property name="cityName" type="java.lang.String">
            <column name="city_name" length="45" />
        </property>
        <set name="pronunciations" inverse="true" lazy="false">
            <key>
                <column name="city_id" not-null="true" />
            </key>
            <one-to-many class="org.dw.model.Pronunciation" />
        </set>
    </class>
</hibernate-mapping>
