<?xml version="1.0" encoding="utf-8"?>
<!DOCTYPE hibernate-mapping PUBLIC "-//Hibernate/Hibernate Mapping DTD 3.0//EN"
"http://hibernate.sourceforge.net/hibernate-mapping-3.0.dtd">
<!-- 
    Mapping file autogenerated by MyEclipse Persistence Tools
-->
<hibernate-mapping>
    <class name="org.dw.model.User" table="users" catalog="dialectwiki">
        <id name="userId" type="java.lang.Integer">
            <column name="user_id" />
            <generator class="native"></generator>
        </id>
        <property name="username" type="java.lang.String">
            <column name="username" length="45" not-null="true" unique="true" />
        </property>
        <property name="password" type="java.lang.String">
            <column name="password" />
        </property>
        <property name="enabled" type="java.lang.Boolean">
            <column name="enabled" />
        </property>
        <property name="email" type="java.lang.String">
            <column name="email" length="100" />
        </property>
        <property name="sex" type="java.lang.String">
            <column name="sex" length="2" />
        </property>
        <property name="question" type="java.lang.String">
            <column name="question" length="45" />
        </property>
        <property name="answer" type="java.lang.String">
            <column name="answer" />
        </property>
        <set name="pronunciations" inverse="true" >
            <key>
                <column name="user_id" not-null="true" />
            </key>
            <one-to-many class="org.dw.model.Pronunciation" />
        </set>
        <set name="votes" inverse="true">
            <key>
                <column name="user_id" not-null="true" />
            </key>
            <one-to-many class="org.dw.model.Vote" />
        </set>
        <set name="authorities" inverse="true" lazy="false">
            <key>
                <column name="username" not-null="true" unique="true" />
            </key>
            <one-to-many class="org.dw.model.Authority" />
        </set>
    </class>
</hibernate-mapping>
